<?xml version="1.0" encoding="UTF-8"?>
<project-private xmlns="http://www.netbeans.org/ns/project-private/1">
    <editor-bookmarks xmlns="http://www.netbeans.org/ns/editor-bookmarks/2" lastBookmarkId="0"/>
    <open-files xmlns="http://www.netbeans.org/ns/projectui-open-files/2">
        <group>
            <file>file:/home/vander64/Documents/CS345/DeadwoodsGui/src/deadwoodsgui/Cards.java</file>
            <file>file:/home/vander64/Documents/CS345/DeadwoodsGui/src/deadwoodsgui/Room.java</file>
            <file>file:/home/vander64/Documents/CS345/DeadwoodsGui/src/deadwoodsgui/Deck.java</file>
            <file>file:/home/vander64/Documents/CS345/DeadwoodsGui/src/deadwoodsgui/Deadwoods.java</file>
            <file>file:/home/vander64/Documents/CS345/DeadwoodsGui/src/deadwoodsgui/Board.java</file>
            <file>file:/home/vander64/Documents/CS345/DeadwoodsGui/src/deadwoodsgui/Office.java</file>
            <file>file:/home/vander64/Documents/CS345/DeadwoodsGui/src/deadwoodsgui/Trailer.java</file>
            <file>file:/home/vander64/Documents/CS345/DeadwoodsGui/src/deadwoodsgui/Player.java</file>
            <file>file:/home/vander64/Documents/CS345/DeadwoodsGui/src/deadwoodsgui/Dice.java</file>
            <file>file:/home/vander64/Documents/CS345/DeadwoodsGui/src/deadwoodsgui/StartUp.java</file>
        </group>
    </open-files>
</project-private>
